date,sleep_start,sleep_end,sleep_h,deep_h,rem_h,awake_min,sleep_score,hrv_last_night,hrv_weekly_avg,hrv_baseline_low,hrv_baseline_high,hrv_status,resting_hr,sleep_respiration,body_battery_change_overnight,readiness_score,readiness_level,recovery_time_h,readiness_now,readiness_now_context,training_status,acute_load,chronic_load,vo2max,yesterday,yesterday_steps,yesterday_avg_stress,yesterday_body_battery_high,yesterday_body_battery_low
2026-10-02,00:49,09:24,8.25,1.75,1.53,20,89,87,81,79,90,BALANCED,47,12.0,63,15,POOR,57.5,,,PRODUCTIVE_9,1220,798,56.0,2026-10-01,15962,21,100,30
2026-10-03,00:36,09:27,8.07,1.45,0.88,47,70,83,80,79,91,BALANCED,48,12.0,68,25,LOW,44.0,25,AFTER_WAKEUP_RESET,PRODUCTIVE_9,1017,789,56.0,2026-10-02,6866,28,100,27
2026-10-04,00:17,09:09,8.05,1.67,1.0,49,80,81,86,78,93,BALANCED,47,12.0,67,52,MODERATE,34.8,54,AFTER_POST_EXERCISE_RESET,PRODUCTIVE_3,1083,824,55.9,2026-10-03,16691,25,96,27
2026-10-05,00:26,08:21,7.72,1.98,1.32,12,90,87,86,78,93,BALANCED,45,12.0,57,80,HIGH,10.0,80,AFTER_WAKEUP_RESET,PRODUCTIVE_3,892,812,55.9,2026-10-04,19503,22,99,32
2026-10-06,01:57,08:11,6.23,1.62,1.53,0,80,83,85,78,93,BALANCED,46,12.0,51,80,HIGH,0.0,80,AFTER_WAKEUP_RESET,PRODUCTIVE_3,722,796,55.9,2026-10-05,14937,16,100,41
2026-10-07,00:06,07:16,6.6,1.7,0.97,26,80,93,86,78,93,BALANCED,43,12.0,49,83,HIGH,0.0,66,AFTER_POST_EXERCISE_RESET,PRODUCTIVE_3,747,807,55.9,2026-10-06,11701,17,97,44
2026-10-08,23:25,07:10,7.5,0.97,1.4,0,86,88,86,78,93,BALANCED,48,12.0,63,66,MODERATE,29.8,28,AFTER_POST_EXERCISE_RESET,PRODUCTIVE_3,981,863,56.4,2026-10-07,22822,20,97,28
2026-10-09,22:46,06:36,7.78,1.45,1.82,3,94,86,86,78,93,BALANCED,46,12.0,66,72,MODERATE,31.0,70,AFTER_WAKEUP_RESET,PRODUCTIVE_3,907,867,56.5,2026-10-08,20619,23,99,32
2026-10-10,00:06,10:22,9.68,2.0,2.02,35,87,80,85,78,93,BALANCED,47,12.0,64,91,HIGH,5.6,91,AFTER_WAKEUP_RESET,PRODUCTIVE_3,722,847,56.5,2026-10-09,20662,21,100,36
